# report	pdf	html	format	date — written by generate-pdf.mjs, do not edit
008	output/cv-nathan-myers-elastic-2026-09-21.pdf	output/cv-nathan-myers-elastic.html	letter	2026-09-22
010	output/cv-nathan-myers-finix-2026-09-21.pdf	output/cv-nathan-myers-finix.html	letter	2026-09-22
011	output/cv-nathan-myers-appfolio-2026-09-21.pdf	output/cv-nathan-myers-appfolio.html	letter	2026-09-22
012	output/cv-nathan-myers-fictiv-2026-09-21.pdf	output/cv-nathan-myers-fictiv.html	letter	2026-09-22
014	output/cv-nathan-myers-aligned-2026-09-22.pdf	output/cv-nathan-myers-aligned.html	letter	2026-09-22
015	output/cv-nathan-myers-enova-2026-09-22.pdf	output/cv-nathan-myers-enova.html	letter	2026-09-22
016	output/cv-nathan-myers-northern-trust-2026-09-22.pdf	output/cv-nathan-myers-northern-trust.html	letter	2026-09-22
017	output/cv-nathan-myers-speechify-evanston-2026-09-22.pdf	output/cv-nathan-myers-speechify-evanston.html	letter	2026-09-22
018	output/cv-nathan-myers-speechify-chicago-2026-09-22.pdf	output/cv-nathan-myers-speechify-chicago.html	letter	2026-09-22
019	output/cv-nathan-myers-deloitte-2026-09-23.pdf	output/cv-nathan-myers-deloitte-2026-09-23.html	letter	2026-09-23
022	output/cv-nathan-myers-fin-2026-09-23.pdf	output/cv-nathan-myers-fin.html	letter	2026-09-23
024	output/cv-nathan-myers-headway-2026-09-23.pdf	output/cv-nathan-myers-headway.html	letter	2026-09-23
025	output/cv-nathan-myers-headway-provider-2026-09-23.pdf	output/cv-nathan-myers-headway-provider.html	letter	2026-09-23
028	output/cv-nathan-myers-wpromote-2026-09-23.pdf	output/cv-nathan-myers-wpromote.html	letter	2026-09-23
029	output/cv-nathan-myers-utility-2026-09-23.pdf	output/cv-nathan-myers-utility.html	letter	2026-09-23
030	output/cv-nathan-myers-jito-labs-2026-09-23.pdf	output/cv-nathan-myers-jito-labs.html	letter	2026-09-23
031	output/cv-nathan-myers-healiom-2026-09-23.pdf	output/cv-nathan-myers-healiom.html	letter	2026-09-23
032	output/cv-nathan-myers-capital-one-staff-2026-09-23.pdf	output/cv-nathan-myers-capital-one-staff.html	letter	2026-09-23
033	output/cv-nathan-myers-capital-one-fse4-qe-2026-09-23.pdf	output/cv-nathan-myers-capital-one-fse4-qe.html	letter	2026-09-23
036	output/cv-nathan-myers-capital-one-reliability-2026-09-23.pdf	output/cv-nathan-myers-capital-one-reliability.html	letter	2026-09-23
037	output/cv-nathan-myers-capital-one-fse5-2026-09-23.pdf	output/cv-nathan-myers-capital-one-fse5.html	letter	2026-09-23
038	output/cv-nathan-myers-capital-one-fse4-golang-2026-09-23.pdf	output/cv-nathan-myers-capital-one-fse4-golang.html	letter	2026-09-23
039	output/cv-nathan-myers-capital-one-fse4-2026-09-23.pdf	output/cv-nathan-myers-capital-one-fse4.html	letter	2026-09-23
041	output/cv-nathan-myers-capital-one-fse5-devex-2026-09-23.pdf	output/cv-nathan-myers-capital-one-fse5-devex.html	letter	2026-09-23
042	output/cv-nathan-myers-capital-one-fse4-golang-aws-2026-09-23.pdf	output/cv-nathan-myers-capital-one-fse4-golang-aws.html	letter	2026-09-23
044	output/cv-nathan-myers-reunion-2026-09-23.pdf	output/cv-nathan-myers-reunion.html	letter	2026-09-23
045	output/cv-nathan-myers-salesforce-meshmesh-2026-09-23.pdf	output/cv-nathan-myers-salesforce-meshmesh.html	letter	2026-09-23
046	output/cv-nathan-myers-nerdery-2026-09-23.pdf	output/cv-nathan-myers-nerdery.html	letter	2026-09-23
048	output/cv-nathan-myers-council-capital-2026-09-23.pdf	output/cv-nathan-myers-council-capital.html	letter	2026-09-23
049	output/cv-nathan-myers-mirantis-2026-09-23.pdf	output/cv-nathan-myers-mirantis.html	letter	2026-09-23
050	output/cv-nathan-myers-reputation-2026-09-23.pdf	output/cv-nathan-myers-reputation.html	letter	2026-09-23
051	output/cv-nathan-myers-cedar-2026-09-23.pdf	output/cv-nathan-myers-cedar.html	letter	2026-09-23
052	output/cv-nathan-myers-braze-currents-2026-09-23.pdf	output/cv-nathan-myers-braze-currents.html	letter	2026-09-23
053	output/cv-nathan-myers-braze-email-2026-09-23.pdf	output/cv-nathan-myers-braze-email.html	letter	2026-09-23
