11	2026-09-22	Evaluated	Applied	set-status	
12	2026-09-22	Evaluated	Applied	set-status	
15	2026-09-24	Evaluated	Applied	set-status	
28	2026-09-24	Evaluated	Applied	set-status	
29	2026-09-24	Evaluated	Applied	set-status	
30	2026-09-24	Evaluated	Applied	set-status	
31	2026-09-24	Evaluated	Applied	set-status	
44	2026-09-24	Evaluated	Applied	set-status	
45	2026-09-24	Evaluated	Applied	set-status	
46	2026-09-24	Evaluated	Applied	set-status	
48	2026-09-24	Evaluated	Applied	set-status	
49	2026-09-24	Evaluated	Applied	set-status	
51	2026-09-24	Evaluated	Applied	set-status	
52	2026-09-24	Evaluated	Applied	set-status	
30	2026-09-28	Applied	Rejected	set-status	
